Symbol Name, Object File, Library Archive, Matching, Author__dt__7JASHeapFv,AudSystem.o,AudioLib.a,false,
sub__Q29JGeometry8TVec3<f>FRCQ29JGeometry8TVec3<f>RCQ29JGeometry8TVec3<f>,AudSystem.o,AudioLib.a,false,
set__Q29JGeometry13SMatrix34C<f>FPA4_Cf,AudSystem.o,AudioLib.a,false,
AudNewAudSystem___FP14JAUSectionHeapP10JKRArchiveP10JKRArchiveP10JKRArchivei,AudSystem.o,AudioLib.a,false,
init_JAS_JAI___23@unnamed@AudSystem_cpp@FP12JKRSolidHeap,AudSystem.o,AudioLib.a,false,
AudNewAudSystem__FP12JKRSolidHeapPvP10JKRArchiveP10JKRArchiveP10JKRArchiveP10JKRArchive,AudSystem.o,AudioLib.a,false,
__ct__9AudSystemFP14JAUSectionHeapP10JKRArchiveP10JKRArchiveP10JKRArchive,AudSystem.o,AudioLib.a,false,
__dt__11JAUSoundMgrFv,AudSystem.o,AudioLib.a,false,
__dt__16JAISeCategoryMgrFv,AudSystem.o,AudioLib.a,false,
__dt__14AudAudience<4>Fv,AudSystem.o,AudioLib.a,false,
getChordInfo__9AudSystemFv,AudSystem.o,AudioLib.a,false,
__defctor__7JASHeapFv,AudSystem.o,AudioLib.a,false,
setSpeakerResource__9AudSystemFP10JKRArchive,AudSystem.o,AudioLib.a,false,
frameWork__9AudSystemFv,AudSystem.o,AudioLib.a,false,
calc__9AudSystemFv,AudSystem.o,AudioLib.a,false,
startSound__9AudSystemF10JAISoundIDP14JAISoundHandlePCQ29JGeometry8TVec3<f>,AudSystem.o,AudioLib.a,false,
startLevelSound__9AudSystemF10JAISoundIDP14JAISoundHandlePCQ29JGeometry8TVec3<f>,AudSystem.o,AudioLib.a,false,
switchToLuigi__9AudSystemF10JAISoundIDP14JAISoundHandle,AudSystem.o,AudioLib.a,false,
isSubmitSeByVolumeSetting__9AudSystemF10JAISoundID,AudSystem.o,AudioLib.a,false,
updateOutputMode__9AudSystemFv,AudSystem.o,AudioLib.a,false,
preProcessToReset__9AudSystemFv,AudSystem.o,AudioLib.a,false,
resetAudio__9AudSystemFUlb,AudSystem.o,AudioLib.a,false,
resumeReset__9AudSystemFv,AudSystem.o,AudioLib.a,false,
hasReset__9AudSystemCFv,AudSystem.o,AudioLib.a,false,
initSceneVolume__9AudSystemFv,AudSystem.o,AudioLib.a,false,
pause__9AudSystemFv,AudSystem.o,AudioLib.a,false,
unpause__9AudSystemFv,AudSystem.o,AudioLib.a,false,
enterHomeButtonMenu__9AudSystemFv,AudSystem.o,AudioLib.a,false,
exitHomeButtonMenu__9AudSystemFv,AudSystem.o,AudioLib.a,false,
updateHomeButtonMenu__9AudSystemFv,AudSystem.o,AudioLib.a,false,
isHomeButtonMenuActive__9AudSystemCFv,AudSystem.o,AudioLib.a,false,
enterPauseMenu__9AudSystemFv,AudSystem.o,AudioLib.a,false,
exitPauseMenu__9AudSystemFv,AudSystem.o,AudioLib.a,false,
updatePauseMenu__9AudSystemFv,AudSystem.o,AudioLib.a,false,
isPauseMenuActive__9AudSystemCFv,AudSystem.o,AudioLib.a,false,
screenSaverProcess__9AudSystemFv,AudSystem.o,AudioLib.a,false,
isEnableStartSound__9AudSystemF10JAISoundID,AudSystem.o,AudioLib.a,false,
doDvdErrorProcess__9AudSystemFv,AudSystem.o,AudioLib.a,false,
exitDvdErrorProcess__9AudSystemFv,AudSystem.o,AudioLib.a,false,
getNumOfPlaying__9AudSystemF10JAISoundID,AudSystem.o,AudioLib.a,false,
getPlayCountMin__9AudSystemF10JAISoundID,AudSystem.o,AudioLib.a,false,
setMicMtx__9AudSystemFPA4_fl,AudSystem.o,AudioLib.a,false,
getMicPos__9AudSystemFl,AudSystem.o,AudioLib.a,false,
setFarCamera__9AudSystemFb,AudSystem.o,AudioLib.a,false,
setSeVolumeSet__9AudSystemFlUl,AudSystem.o,AudioLib.a,false,
recoverSeVolumeSet__9AudSystemFUl,AudSystem.o,AudioLib.a,false,
initVolumeSetting__9AudSystemFv,AudSystem.o,AudioLib.a,false,
initCategoryArrangement__9AudSystemFv,AudSystem.o,AudioLib.a,false,
setMeResource__9AudSystemFP10JKRArchiveUsUs,AudSystem.o,AudioLib.a,false,
seFanfareProcess__9AudSystemFv,AudSystem.o,AudioLib.a,false,
isFanfareSePlaying__9AudSystemFv,AudSystem.o,AudioLib.a,false,
registerLimitedSound__9AudSystemF10JAISoundIDl,AudSystem.o,AudioLib.a,false,
clearAllLimitedSound__9AudSystemFv,AudSystem.o,AudioLib.a,false,
isRegisteredLimitedSound__9AudSystemF10JAISoundID,AudSystem.o,AudioLib.a,false,
updateLimitedSound__9AudSystemFv,AudSystem.o,AudioLib.a,false,
isAlreadyPlayingSoundNear__9AudSystemF10JAISoundIDPCQ29JGeometry8TVec3<f>f,AudSystem.o,AudioLib.a,false,
setVolumeZeroForce__9AudSystemFl,AudSystem.o,AudioLib.a,false,
getHeap__14JAUSectionHeapFv,AudSystem.o,AudioLib.a,false,
__dt__17JAUAudioArcLoaderFv,AudSystem.o,AudioLib.a,false,
__dt__12JAUDisposer_Fv,AudSystem.o,AudioLib.a,false,
__dt__15JAUStdSoundInfoFv,AudSystem.o,AudioLib.a,false,
__dt__23JSULink<12JAUDisposer_>Fv,AudSystem.o,AudioLib.a,false,
__dt__98AudAudience_<4,20AudDopplerAudible<4>,23AudDopplerAudienceState,31AudAudience_withSetting_doppler>Fv,AudSystem.o,AudioLib.a,false,
__dt__31AudAudience_withSetting_dopplerFv,AudSystem.o,AudioLib.a,false,
__dt__23AudAudience_withSettingFv,AudSystem.o,AudioLib.a,false,
__dt__9AudBgmMgrFv,AudSystem.o,AudioLib.a,false,
__dt__22AudBgmVolumeControllerFv,AudSystem.o,AudioLib.a,false,
resetMtx__23AudDopplerAudienceStateFPA4_Cf,AudSystem.o,AudioLib.a,false,
getMaxChannels__98AudAudience_<4,20AudDopplerAudible<4>,23AudDopplerAudienceState,31AudAudience_withSetting_doppler>Fv,AudSystem.o,AudioLib.a,false,
newAudible__98AudAudience_<4,20AudDopplerAudible<4>,23AudDopplerAudienceState,31AudAudience_withSetting_doppler>FRCQ29JGeometry8TVec3<f>10JAISoundIDPCQ29JGeometry8TVec3<f>Ul,AudSystem.o,AudioLib.a,false,
convertAbsToRel__23AudDopplerAudienceStateFRCQ29JGeometry8TVec3<f>P23JAUDopplerAudibleRelPos,AudSystem.o,AudioLib.a,false,
calcDeltaPriority___23AudAudience_withSettingCFfbl,AudSystem.o,AudioLib.a,false,
deleteAudible__98AudAudience_<4,20AudDopplerAudible<4>,23AudDopplerAudienceState,31AudAudience_withSetting_doppler>FP10JAIAudible,AudSystem.o,AudioLib.a,false,
calcPriority__98AudAudience_<4,20AudDopplerAudible<4>,23AudDopplerAudienceState,31AudAudience_withSetting_doppler>FP10JAIAudible,AudSystem.o,AudioLib.a,false,
mixChannelOut__98AudAudience_<4,20AudDopplerAudible<4>,23AudDopplerAudienceState,31AudAudience_withSetting_doppler>FRC14JASSoundParamsP10JAIAudiblei,AudSystem.o,AudioLib.a,false,
getOuterParams__74AudGenericAudible_<4,24JAUDopplerAudibleChannel,23JAUDopplerAudibleAbsPos>Fi,AudSystem.o,AudioLib.a,false,
calc__74AudGenericAudible_<4,24JAUDopplerAudibleChannel,23JAUDopplerAudibleAbsPos>Fv,AudSystem.o,AudioLib.a,false,
__dt__8AudFaderFv,AudSystem.o,AudioLib.a,false,
__dt__11AudMultiBgmFv,AudSystem.o,AudioLib.a,false,
__dt__18AudTrackControllerFv,AudSystem.o,AudioLib.a,false,
__dt__14JAISoundHandleFv,AudSystem.o,AudioLib.a,false,
__dt__12AudSingleBgmFv,AudSystem.o,AudioLib.a,false,
__dt__33JASGlobalInstance<12JAUSoundInfo>Fv,AudSystem.o,AudioLib.a,false,
__dt__12JAUSoundInfoFv,AudSystem.o,AudioLib.a,false,
__dt__18JASCriticalSectionFv,AudSystem.o,AudioLib.a,false,
__dt__74AudGenericAudible_<4,24JAUDopplerAudibleChannel,23JAUDopplerAudibleAbsPos>Fv,AudSystem.o,AudioLib.a,false,
__dt__20AudDopplerAudible<4>Fv,AudSystem.o,AudioLib.a,false,
__dt__22JAUStreamStaticAramMgrFv,AudSystem.o,AudioLib.a,false,
__dt__37JAUDisposerObject_<15JAUStdSoundInfo>Fv,AudSystem.o,AudioLib.a,false,
setPositionFromLookAt__Q29JGeometry64TPosition3<Q29JGeometry38TMatrix34<Q29JGeometry13SMatrix34C<f>>>FRCQ29JGeometry64TPosition3<Q29JGeometry38TMatrix34<Q29JGeometry13SMatrix34C<f>>>,AudSystem.o,AudioLib.a,false,
getTrans__Q29JGeometry64TPosition3<Q29JGeometry38TMatrix34<Q29JGeometry13SMatrix34C<f>>>CFRQ29JGeometry8TVec3<f>,AudSystem.o,AudioLib.a,false,
reset__Q23std9bitset<2>FUl,AudSystem.o,AudioLib.a,false,
test__Q23std9bitset<2>CFUl,AudSystem.o,AudioLib.a,false,
__dt__24JAUStreamAramMgrBase_<2>Fv,AudSystem.o,AudioLib.a,false,
__dt__26JAUStreamStaticAramMgr_<2>Fv,AudSystem.o,AudioLib.a,false,
newStreamAram__26JAUStreamStaticAramMgr_<2>FPUl,AudSystem.o,AudioLib.a,false,
deleteStreamAram__26JAUStreamStaticAramMgr_<2>FUl,AudSystem.o,AudioLib.a,false,
__dt__27JAISoundStrategyMgr<5JAISe>Fv,AudSystem.o,AudioLib.a,false,
__dt__9AudSystemFv,AudSystem.o,AudioLib.a,false,
init__14JASSoundParamsFv,AudSystem.o,AudioLib.a,false,
__sinit_\AudSystem_cpp,AudSystem.o,AudioLib.a,false,
__ct__24JASMemPool<10AudMeTrack>Fv,AudSystem.o,AudioLib.a,false,
__dt__24JASMemPool<10AudMeTrack>Fv,AudSystem.o,AudioLib.a,false,
__ct__18JASMemPool<5AudMe>Fv,AudSystem.o,AudioLib.a,false,
__dt__18JASMemPool<5AudMe>Fv,AudSystem.o,AudioLib.a,false,
__ct__27JASMemPool<13AudSeStrategy>Fv,AudSystem.o,AudioLib.a,false,
__dt__27JASMemPool<13AudSeStrategy>Fv,AudSystem.o,AudioLib.a,false,
__ct__34JASMemPool<20AudDopplerAudible<4>>Fv,AudSystem.o,AudioLib.a,false,
__dt__34JASMemPool<20AudDopplerAudible<4>>Fv,AudSystem.o,AudioLib.a,false,
@4@getBgmSeqResourceID__15JAUStdSoundInfoCF10JAISoundID,AudSystem.o,AudioLib.a,false,
@4@getAudibleSw__15JAUStdSoundInfoCF10JAISoundID,AudSystem.o,AudioLib.a,false,
@8@__dt__37JAUDisposerObject_<15JAUStdSoundInfo>Fv,AudSystem.o,AudioLib.a,false,
@8@getStreamFileEntry__15JAUStdSoundInfoF10JAISoundID,AudSystem.o,AudioLib.a,false,
@12@__dt__37JAUDisposerObject_<15JAUStdSoundInfo>Fv,AudSystem.o,AudioLib.a,false,
__ct__25AudSystemVolumeControllerFP9AudSystem,AudSystemVolumeController.o,AudioLib.a,false,
init__25AudSystemVolumeControllerFv,AudSystemVolumeController.o,AudioLib.a,false,
update__25AudSystemVolumeControllerFv,AudSystemVolumeController.o,AudioLib.a,false,
setSeVolumeSetTrig__25AudSystemVolumeControllerFlUl,AudSystemVolumeController.o,AudioLib.a,false,
recoverSeVolumeSet__25AudSystemVolumeControllerFUl,AudSystemVolumeController.o,AudioLib.a,false,
setSeVolumeSetLevel__25AudSystemVolumeControllerFl,AudSystemVolumeController.o,AudioLib.a,false,
updateSeVolumeSetLevel__25AudSystemVolumeControllerFv,AudSystemVolumeController.o,AudioLib.a,false,
setSeVolumeSetInner__25AudSystemVolumeControllerFlUl,AudSystemVolumeController.o,AudioLib.a,false,
pushVolumeSet__25AudSystemVolumeControllerFv,AudSystemVolumeController.o,AudioLib.a,false,
popVolumeSet__25AudSystemVolumeControllerFv,AudSystemVolumeController.o,AudioLib.a,false,
updateSetting__23AudAudience_withSettingFv,AudAudience.o,AudioLib.a,false,
__ct__23AudAudience_withSettingFv,AudAudience.o,AudioLib.a,false,
getSoundSw__12AudSoundInfoCF10JAISoundID,AudSoundInfo.o,AudioLib.a,false,
isLimitNumPlaying__12AudSoundInfoCF10JAISoundID,AudSoundInfo.o,AudioLib.a,false,
isLimitCountPlaying__12AudSoundInfoCF10JAISoundID,AudSoundInfo.o,AudioLib.a,false,
getChordResIdBgm__12AudSoundInfoCF10JAISoundID,AudSoundInfo.o,AudioLib.a,false,
isRhythmBgm__12AudSoundInfoCF10JAISoundID,AudSoundInfo.o,AudioLib.a,false,
isFanfareSe__12AudSoundInfoCF10JAISoundID,AudSoundInfo.o,AudioLib.a,false,
isUseFxMix__12AudSoundInfoCF10JAISoundID,AudSoundInfo.o,AudioLib.a,false,
isUseLpf__12AudSoundInfoCF10JAISoundID,AudSoundInfo.o,AudioLib.a,false,
getSystem__7AudWrapFv,AudWrap.o,AudioLib.a,false,
getSoundInfo__7AudWrapFv,AudWrap.o,AudioLib.a,false,
getSceneMgr__7AudWrapFv,AudWrap.o,AudioLib.a,false,
getBgmMgr__7AudWrapFv,AudWrap.o,AudioLib.a,false,
getStageBgm__7AudWrapFv,AudWrap.o,AudioLib.a,false,
getSubBgm__7AudWrapFv,AudWrap.o,AudioLib.a,false,
startStageBgm__7AudWrapFUlb,AudWrap.o,AudioLib.a,false,
startSubBgm__7AudWrapFUlb,AudWrap.o,AudioLib.a,false,
setNextIdStageBgm__7AudWrapFUl,AudWrap.o,AudioLib.a,false,
startLastStageBgm__7AudWrapFv,AudWrap.o,AudioLib.a,false,
getSystemSeObject__7AudWrapFv,AudWrap.o,AudioLib.a,false,
getAtmosphereSeObject__7AudWrapFv,AudWrap.o,AudioLib.a,false,
getSoundObjHolder__7AudWrapFv,AudWrap.o,AudioLib.a,false,
getRhythmMeSystem__7AudWrapFv,AudWrap.o,AudioLib.a,false,
getSystemMeObject__7AudWrapFv,AudWrap.o,AudioLib.a,false,
getRemixMgr__7AudWrapFv,AudWrap.o,AudioLib.a,false,
getRemixSequencer__7AudWrapFv,AudWrap.o,AudioLib.a,false,
getRemixSeqObject__7AudWrapFv,AudWrap.o,AudioLib.a,false,
__sinit_\AudWrap_cpp,AudWrap.o,AudioLib.a,false,
__ct__14AudSoundObjectFPQ29JGeometry8TVec3<f>UcP7JKRHeap,AudSoundObject.o,AudioLib.a,false,
__dt__14AudSoundObjectFv,AudSoundObject.o,AudioLib.a,false,
addToSoundObjHolder__14AudSoundObjectFv,AudSoundObject.o,AudioLib.a,false,
setTrans__14AudSoundObjectFPQ29JGeometry8TVec3<f>,AudSoundObject.o,AudioLib.a,false,
writePort__14AudSoundObjectFP14JAISoundHandleUlUs,AudSoundObject.o,AudioLib.a,false,
isLimitedSound__14AudSoundObjectF10JAISoundID,AudSoundObject.o,AudioLib.a,false,
startSound__14AudSoundObjectF10JAISoundID,AudSoundObject.o,AudioLib.a,false,
startLevelSound__14AudSoundObjectF10JAISoundID,AudSoundObject.o,AudioLib.a,false,
startLevelSound__14AudSoundObjectFPCc,AudSoundObject.o,AudioLib.a,false,
startSoundParam__14AudSoundObjectF10JAISoundIDll,AudSoundObject.o,AudioLib.a,false,
startLevelSoundParam__14AudSoundObjectF10JAISoundIDll,AudSoundObject.o,AudioLib.a,false,
startLevelSoundParam__14AudSoundObjectFPCcll,AudSoundObject.o,AudioLib.a,false,
modifyLimitedSound__14AudSoundObjectF10JAISoundID,AudSoundObject.o,AudioLib.a,false,
isPlayingID__14AudSoundObjectF10JAISoundID,AudSoundObject.o,AudioLib.a,false,
releaseHandle__14AudSoundObjectF10JAISoundID,AudSoundObject.o,AudioLib.a,false,
setMapCode__14AudSoundObjectFl,AudSoundObject.o,AudioLib.a,false,
setMapCodeExtra__14AudSoundObjectFl,AudSoundObject.o,AudioLib.a,false,
getMapCode__14AudSoundObjectCFv,AudSoundObject.o,AudioLib.a,false,
clearMapCode__14AudSoundObjectFv,AudSoundObject.o,AudioLib.a,false,
convertNameToLevelSEID__14AudSoundObjectFPCc,AudSoundObject.o,AudioLib.a,false,
limitVoiceOne__14AudSoundObjectF10JAISoundID,AudSoundObject.o,AudioLib.a,false,
stopCategorySound__14AudSoundObjectFUlUl,AudSoundObject.o,AudioLib.a,false,
setMapCodeToPort__14AudSoundObjectFP14JAISoundHandle10JAISoundID,AudSoundObject.o,AudioLib.a,false,
setCutoffToPort__14AudSoundObjectFP14JAISoundHandle10JAISoundID,AudSoundObject.o,AudioLib.a,false,
convertSoundIdFromSeVersion__14AudSoundObjectCF10JAISoundID,AudSoundObject.o,AudioLib.a,false,
__ct__19AudSoundObjHashDataFv,AudSoundObject.o,AudioLib.a,false,
init__19AudSoundObjHashDataFv,AudSoundObject.o,AudioLib.a,false,
@24@__dt__14AudSoundObjectFv,AudSoundObject.o,AudioLib.a,false,
modifySe_Kawamura__14AudSoundObjectFP14JAISoundHandlel,AudSoundObject_Kawamura.o,AudioLib.a,false,
modifyLimitedSound_Kawamura__14AudSoundObjectF10JAISoundID,AudSoundObject_Kawamura.o,AudioLib.a,false,
modifySe_Takezawa__14AudSoundObjectFP14JAISoundHandlell,AudSoundObject_Takezawa.o,AudioLib.a,false,
modifyLimitedSound_Takezawa__14AudSoundObjectF10JAISoundID,AudSoundObject_Takezawa.o,AudioLib.a,false,
modifySe_Gohara__14AudSoundObjectFP14JAISoundHandlell,AudSoundObject_Gohara.o,AudioLib.a,false,
__ct__17AudAnmSoundObjectFPQ29JGeometry8TVec3<f>UcP7JKRHeap,AudAnmSoundObject.o,AudioLib.a,false,
update__17AudAnmSoundObjectFf,AudAnmSoundObject.o,AudioLib.a,false,
modifySoundParams__17AudAnmSoundObjectFP14JASSoundParamsPC22JAUSoundAnimationSoundf,AudAnmSoundObject.o,AudioLib.a,false,
playsSound__17AudAnmSoundObjectFPC22JAUSoundAnimationSoundRCQ29JGeometry8TVec3<f>f,AudAnmSoundObject.o,AudioLib.a,false,
getSoundID__17AudAnmSoundObjectFPC22JAUSoundAnimationSoundRCQ29JGeometry8TVec3<f>f,AudAnmSoundObject.o,AudioLib.a,false,
getFreeHandle__17AudAnmSoundObjectFPC22JAUSoundAnimationSound,AudAnmSoundObject.o,AudioLib.a,false,
skip__17AudAnmSoundObjectFf,AudAnmSoundObject.o,AudioLib.a,false,
setStartPos__17AudAnmSoundObjectFf,AudAnmSoundObject.o,AudioLib.a,false,
updateAnimSound__17AudAnmSoundObjectFfRCQ29JGeometry8TVec3<f>P15JAISoundStarter,AudAnmSoundObject.o,AudioLib.a,false,
startAnimSound__17AudAnmSoundObjectFRCQ29JGeometry8TVec3<f>fP15JAISoundStarter,AudAnmSoundObject.o,AudioLib.a,false,
releaseHandleIfNecessary__17AudAnmSoundObjectFP14JAISoundHandleUl,AudAnmSoundObject.o,AudioLib.a,false,
getNumSounds__17JAUSoundAnimationCFv,AudAnmSoundObject.o,AudioLib.a,false,
isNotingOn__22JAUSoundAnimationSoundCFfb,AudAnmSoundObject.o,AudioLib.a,false,
getSound__17JAUSoundAnimationCFi,AudAnmSoundObject.o,AudioLib.a,false,
__dt__17AudAnmSoundObjectFv,AudAnmSoundObject.o,AudioLib.a,false,
@24@__dt__17AudAnmSoundObjectFv,AudAnmSoundObject.o,AudioLib.a,false,
@72@modifySoundParams__17AudAnmSoundObjectFP14JASSoundParamsPC22JAUSoundAnimationSoundf,AudAnmSoundObject.o,AudioLib.a,false,
@72@playsSound__17AudAnmSoundObjectFPC22JAUSoundAnimationSoundRCQ29JGeometry8TVec3<f>f,AudAnmSoundObject.o,AudioLib.a,false,
@72@getSoundID__17AudAnmSoundObjectFPC22JAUSoundAnimationSoundRCQ29JGeometry8TVec3<f>f,AudAnmSoundObject.o,AudioLib.a,false,
@72@getFreeHandle__17AudAnmSoundObjectFPC22JAUSoundAnimationSound,AudAnmSoundObject.o,AudioLib.a,false,
__ct__6AudBgmFv,AudBgm.o,AudioLib.a,false,
resetAuxVolume__6AudBgmFv,AudBgm.o,AudioLib.a,false,
__ct__12AudSingleBgmFv,AudBgm.o,AudioLib.a,false,
init__12AudSingleBgmFv,AudBgm.o,AudioLib.a,false,
movement__12AudSingleBgmFv,AudBgm.o,AudioLib.a,false,
start__12AudSingleBgmFUlb,AudBgm.o,AudioLib.a,false,
stop__12AudSingleBgmFUl,AudBgm.o,AudioLib.a,false,
isPreparedPlay__12AudSingleBgmFv,AudBgm.o,AudioLib.a,false,
playAfterPrepared__12AudSingleBgmFv,AudBgm.o,AudioLib.a,false,
getRhythmHandle__12AudSingleBgmFv,AudBgm.o,AudioLib.a,false,
moveVolume__12AudSingleBgmFfUl,AudBgm.o,AudioLib.a,false,
moveVolumeForNoteFairy__12AudSingleBgmFfUl,AudBgm.o,AudioLib.a,false,
changeTrackMuteState__12AudSingleBgmFll,AudBgm.o,AudioLib.a,false,
initTrackController__12AudSingleBgmFv,AudBgm.o,AudioLib.a,false,
startTrackControl__12AudSingleBgmFv,AudBgm.o,AudioLib.a,false,
stopTrackControl__12AudSingleBgmFv,AudBgm.o,AudioLib.a,false,
updateTrackControl__12AudSingleBgmFv,AudBgm.o,AudioLib.a,false,
__ct__11AudMultiBgmFv,AudBgm.o,AudioLib.a,false,
init__11AudMultiBgmFv,AudBgm.o,AudioLib.a,false,
start__11AudMultiBgmFUlb,AudBgm.o,AudioLib.a,false,
stop__11AudMultiBgmFUl,AudBgm.o,AudioLib.a,false,
isPreparedPlay__11AudMultiBgmFv,AudBgm.o,AudioLib.a,false,
playAfterPrepared__11AudMultiBgmFv,AudBgm.o,AudioLib.a,false,
sendToSyncStream__11AudMultiBgmFv,AudBgm.o,AudioLib.a,false,
rejectFromSyncStream__11AudMultiBgmFv,AudBgm.o,AudioLib.a,false,
movement__11AudMultiBgmFv,AudBgm.o,AudioLib.a,false,
moveVolume__11AudMultiBgmFfUl,AudBgm.o,AudioLib.a,false,
moveVolumeForNoteFairy__11AudMultiBgmFfUl,AudBgm.o,AudioLib.a,false,
changeTrackMuteState__11AudMultiBgmFll,AudBgm.o,AudioLib.a,false,
getHandle__11AudMultiBgmFv,AudBgm.o,AudioLib.a,false,
getRhythmHandle__11AudMultiBgmFv,AudBgm.o,AudioLib.a,false,
isSoundAttached__11AudMultiBgmCFv,AudBgm.o,AudioLib.a,false,
pause__11AudMultiBgmFb,AudBgm.o,AudioLib.a,false,
isStopping__11AudMultiBgmCFv,AudBgm.o,AudioLib.a,false,
isPaused__11AudMultiBgmCFv,AudBgm.o,AudioLib.a,false,
getSoundID__11AudMultiBgmCFv,AudBgm.o,AudioLib.a,false,
initTrackController__11AudMultiBgmFv,AudBgm.o,AudioLib.a,false,
startTrackControl__11AudMultiBgmFv,AudBgm.o,AudioLib.a,false,
updateTrackControl__11AudMultiBgmFv,AudBgm.o,AudioLib.a,false,
prepare__11AudMultiBgmFUl,AudBgm.o,AudioLib.a,false,
isPrepared__11AudMultiBgmFv,AudBgm.o,AudioLib.a,false,
unlock__11AudMultiBgmFv,AudBgm.o,AudioLib.a,false,
updateSyncProcess__11AudMultiBgmFv,AudBgm.o,AudioLib.a,false,
pauseSyncProcess__11AudMultiBgmFv,AudBgm.o,AudioLib.a,false,
setStreamVolume__11AudMultiBgmFff,AudBgm.o,AudioLib.a,false,
isStopping__8JAISoundCFv,AudBgm.o,AudioLib.a,false,
getRhythmStrategy__6AudBgmFv,AudBgm.o,AudioLib.a,false,
setVolumeController__6AudBgmFP22AudBgmVolumeController,AudBgm.o,AudioLib.a,false,
rejectFromSyncStream__12AudSingleBgmFv,AudBgm.o,AudioLib.a,false,
sendToSyncStream__12AudSingleBgmFv,AudBgm.o,AudioLib.a,false,
getSoundID__12AudSingleBgmCFv,AudBgm.o,AudioLib.a,false,
isPaused__12AudSingleBgmCFv,AudBgm.o,AudioLib.a,false,
isStopping__12AudSingleBgmCFv,AudBgm.o,AudioLib.a,false,
pause__12AudSingleBgmFb,AudBgm.o,AudioLib.a,false,
isSoundAttached__12AudSingleBgmCFv,AudBgm.o,AudioLib.a,false,
getHandle__12AudSingleBgmFv,AudBgm.o,AudioLib.a,false,
__sinit_\AudBgm_cpp,AudBgm.o,AudioLib.a,false,
__ct__12AudBgmKeeperFv,AudBgmKeeper.o,AudioLib.a,false,
get__12AudBgmKeeperFQ212AudBgmKeeper7BgmType,AudBgmKeeper.o,AudioLib.a,false,
release__12AudBgmKeeperFP6AudBgm,AudBgmKeeper.o,AudioLib.a,false,
getValidSingleBgm__12AudBgmKeeperFv,AudBgmKeeper.o,AudioLib.a,false,
getValidMultiBgm__12AudBgmKeeperFv,AudBgmKeeper.o,AudioLib.a,false,
__ct__9AudBgmMgrFv,AudBgmMgr.o,AudioLib.a,false,
movement__9AudBgmMgrFv,AudBgmMgr.o,AudioLib.a,false,
start__9AudBgmMgrFlUlb,AudBgmMgr.o,AudioLib.a,false,
setNextBGM__9AudBgmMgrFlUl,AudBgmMgr.o,AudioLib.a,false,
clearNextBGM__9AudBgmMgrFl,AudBgmMgr.o,AudioLib.a,false,
startLastBGM__9AudBgmMgrFl,AudBgmMgr.o,AudioLib.a,false,
clearLastBGM__9AudBgmMgrFl,AudBgmMgr.o,AudioLib.a,false,
pause__9AudBgmMgrFv,AudBgmMgr.o,AudioLib.a,false,
unpause__9AudBgmMgrFv,AudBgmMgr.o,AudioLib.a,false,
volDownLevel__9AudBgmMgrFb,AudBgmMgr.o,AudioLib.a,false,
volDownStageBgmWhenSubBgmPlaying__9AudBgmMgrFv,AudBgmMgr.o,AudioLib.a,false,
startNextBgmWhenStopping__9AudBgmMgrFl,AudBgmMgr.o,AudioLib.a,false,
releaseStoppingBgm__9AudBgmMgrFl,AudBgmMgr.o,AudioLib.a,false,
sendToRhythmSystem__9AudBgmMgrFl,AudBgmMgr.o,AudioLib.a,false,
setBgmToRhythmDominant__9AudBgmMgrFl,AudBgmMgr.o,AudioLib.a,false,
stopRhythmProcess__9AudBgmMgrFl,AudBgmMgr.o,AudioLib.a,false,
set__20AudBgmRhythmStrategyFP6AudBgml,AudBgmRhythmStrategy.o,AudioLib.a,false,
reject__20AudBgmRhythmStrategyFv,AudBgmRhythmStrategy.o,AudioLib.a,false,
setDominant__20AudBgmRhythmStrategyFv,AudBgmRhythmStrategy.o,AudioLib.a,false,
isDominant__20AudBgmRhythmStrategyCFv,AudBgmRhythmStrategy.o,AudioLib.a,false,
__sinit_\AudBgmRhythmStrategy_cpp,AudBgmRhythmStrategy.o,AudioLib.a,false,
getMuteState__13AudBgmSettingF10JAISoundIDl,AudBgmSetting.o,AudioLib.a,false,
getExtraChordNum__13AudBgmSettingF10JAISoundIDl,AudBgmSetting.o,AudioLib.a,false,
getSeqIdForMultiBgm__13AudBgmSettingFUl,AudBgmSetting.o,AudioLib.a,false,
getStreamIdForMultiBgm__13AudBgmSettingFUl,AudBgmSetting.o,AudioLib.a,false,
getBeatMulForMultiBgm__13AudBgmSettingFUl,AudBgmSetting.o,AudioLib.a,false,
getIntroBeatsForMultiBgm__13AudBgmSettingFUl,AudBgmSetting.o,AudioLib.a,false,
getLoopBeatsForMultiBgm__13AudBgmSettingFUl,AudBgmSetting.o,AudioLib.a,false,
getLoopStartSamplesForMultiBgm__13AudBgmSettingFUl,AudBgmSetting.o,AudioLib.a,false,
getLoopEndSamplesForMultiBgm__13AudBgmSettingFUl,AudBgmSetting.o,AudioLib.a,false,
__ct__22AudBgmVolumeControllerFv,AudBgmVolumeController.o,AudioLib.a,false,
update__22AudBgmVolumeControllerFv,AudBgmVolumeController.o,AudioLib.a,false,
getVolume__22AudBgmVolumeControllerCFv,AudBgmVolumeController.o,AudioLib.a,false,
volDown__22AudBgmVolumeControllerFb,AudBgmVolumeController.o,AudioLib.a,false,
interruptedByOther__22AudBgmVolumeControllerFv,AudBgmVolumeController.o,AudioLib.a,false,
moveAuxVolume__22AudBgmVolumeControllerFfl,AudBgmVolumeController.o,AudioLib.a,false,
moveNoteFairyVolume__22AudBgmVolumeControllerFfl,AudBgmVolumeController.o,AudioLib.a,false,
__ct__11AudEffectorFv,AudEffector.o,AudioLib.a,false,
initFxLine__11AudEffectorFP7JKRHeap,AudEffector.o,AudioLib.a,false,
setFxSend__11AudEffectorFf,AudEffector.o,AudioLib.a,false,
setCutoff__11AudEffectorFl,AudEffector.o,AudioLib.a,false,
setSpecialFx__11AudEffectorFl,AudEffector.o,AudioLib.a,false,
initParams__11AudEffectorFv,AudEffector.o,AudioLib.a,false,
__ct__8AudFaderFv,AudFader.o,AudioLib.a,false,
set__8AudFaderFfl,AudFader.o,AudioLib.a,false,
update__8AudFaderFv,AudFader.o,AudioLib.a,false,
__ct__19AudLimitedSoundInfoFv,AudLimitedSound.o,AudioLib.a,false,
init__19AudLimitedSoundInfoFv,AudLimitedSound.o,AudioLib.a,false,
set__19AudLimitedSoundInfoF10JAISoundIDl,AudLimitedSound.o,AudioLib.a,false,
update__19AudLimitedSoundInfoFv,AudLimitedSound.o,AudioLib.a,false,
isFree__19AudLimitedSoundInfoFv,AudLimitedSound.o,AudioLib.a,false,
__ct__18AudMeNameConverterFv,AudMeNameConverter.o,AudioLib.a,false,
getMeID__18AudMeNameConverterCFPCc,AudMeNameConverter.o,AudioLib.a,false,
init__18AudMeNameConverterFv,AudMeNameConverter.o,AudioLib.a,false,
__sinit_\AudMeNameConverter_cpp,AudMeNameConverter.o,AudioLib.a,false,
setMicMtx__10AudMicWrapFPA4_fl,AudMicWrap.o,AudioLib.a,false,
setMicEnv__10AudMicWrapFv,AudMicWrap.o,AudioLib.a,false,
getMicPos__10AudMicWrapFv,AudMicWrap.o,AudioLib.a,false,
__ct__11AudRemixMgrFP7JKRHeap,AudRemixMgr.o,AudioLib.a,false,
init__11AudRemixMgrFv,AudRemixMgr.o,AudioLib.a,false,
update__11AudRemixMgrFv,AudRemixMgr.o,AudioLib.a,false,
setRemixSeqResource__11AudRemixMgrFPv,AudRemixMgr.o,AudioLib.a,false,
getRemixNoteGroupDataFromMelodyNo__11AudRemixMgrCFl,AudRemixMgr.o,AudioLib.a,false,
__ct__20AudRmxSeqNoteOnTimerFv,AudRemixSequencer.o,AudioLib.a,false,
initData__20AudRmxSeqNoteOnTimerFv,AudRemixSequencer.o,AudioLib.a,false,
setData__20AudRmxSeqNoteOnTimerFPC18RemixNoteTrackDataPC13RemixNoteData,AudRemixSequencer.o,AudioLib.a,false,
update__20AudRmxSeqNoteOnTimerFf,AudRemixSequencer.o,AudioLib.a,false,
getFreeSeID__20AudRmxSeqNoteOnTimerFv,AudRemixSequencer.o,AudioLib.a,false,
__ct__17AudRemixSequencerFv,AudRemixSequencer.o,AudioLib.a,false,
initNoteOnBuff__17AudRemixSequencerFv,AudRemixSequencer.o,AudioLib.a,false,
update__17AudRemixSequencerFv,AudRemixSequencer.o,AudioLib.a,false,
setTempo__17AudRemixSequencerFf,AudRemixSequencer.o,AudioLib.a,false,
newNoteOnTimer__17AudRemixSequencerFv,AudRemixSequencer.o,AudioLib.a,false,
addNoteData__17AudRemixSequencerFPC18RemixNoteTrackDataPC13RemixNoteData,AudRemixSequencer.o,AudioLib.a,false,
__ct__11AudSceneMgrFP14JAUSectionHeap,AudSceneMgr.o,AudioLib.a,false,
isLoadDoneSystemInit__11AudSceneMgrFv,AudSceneMgr.o,AudioLib.a,false,
loadStaticResource__11AudSceneMgrFv,AudSceneMgr.o,AudioLib.a,false,
isLoadDoneStaticResource__11AudSceneMgrFv,AudSceneMgr.o,AudioLib.a,false,
loadStageResource__11AudSceneMgrFPCcPCc,AudSceneMgr.o,AudioLib.a,false,
loadStageResource__11AudSceneMgrFPC17AudSceneSoundInfo,AudSceneMgr.o,AudioLib.a,false,
isLoadDoneStageResource__11AudSceneMgrFv,AudSceneMgr.o,AudioLib.a,false,
loadScenarioResource__11AudSceneMgrFPCcPCcl,AudSceneMgr.o,AudioLib.a,false,
loadScenarioResource__11AudSceneMgrFPC17AudSceneSoundInfol,AudSceneMgr.o,AudioLib.a,false,
isLoadDoneScenarioResource__11AudSceneMgrFv,AudSceneMgr.o,AudioLib.a,false,
startScene__11AudSceneMgrFv,AudSceneMgr.o,AudioLib.a,false,
findSceneSoundInfo__11AudSceneMgrFPCcPCc,AudSceneMgr.o,AudioLib.a,false,
eraseLastBgmWaveSet__11AudSceneMgrFv,AudSceneMgr.o,AudioLib.a,false,
eraseLastSeWaveSet__11AudSceneMgrFv,AudSceneMgr.o,AudioLib.a,false,
eraseLastSeScenarioWaveSet__11AudSceneMgrFv,AudSceneMgr.o,AudioLib.a,false,
loadWaveSet__11AudSceneMgrFPCScl,AudSceneMgr.o,AudioLib.a,false,
setPlayerModeMario__11AudSceneMgrFv,AudSceneMgr.o,AudioLib.a,false,
setPlayerModeLuigi__11AudSceneMgrFv,AudSceneMgr.o,AudioLib.a,false,
loadPlayerResource__11AudSceneMgrFv,AudSceneMgr.o,AudioLib.a,false,
isPlayerResourceLoaded__11AudSceneMgrFv,AudSceneMgr.o,AudioLib.a,false,
__sinit_\AudSceneMgr_cpp,AudSceneMgr.o,AudioLib.a,false,
calc__13AudSeStrategyFP5JAISe,AudSeStrategy.o,AudioLib.a,false,
mix__13AudSeStrategyFP5JAISeP14JASSoundParams,AudSeStrategy.o,AudioLib.a,false,
newStrategy__16AudSeStrategyMgrF10JAISoundID,AudSeStrategy.o,AudioLib.a,false,
deleteStrategy__16AudSeStrategyMgrFP24JAISoundStrategy<5JAISe>,AudSeStrategy.o,AudioLib.a,false,
__dt__13AudSeStrategyFv,AudSeStrategy.o,AudioLib.a,false,
__dt__16AudSeStrategyMgrFv,AudSeStrategy.o,AudioLib.a,false,
__sinit_\AudSeStrategy_cpp,AudSeStrategy.o,AudioLib.a,false,
__ct__21AudSoundNameConverterFv,AudSoundNameConverter.o,AudioLib.a,false,
getSoundID__21AudSoundNameConverterCFPCc,AudSoundNameConverter.o,AudioLib.a,false,
getSoundID__21AudSoundNameConverterCFPCcUl,AudSoundNameConverter.o,AudioLib.a,false,
init__21AudSoundNameConverterFv,AudSoundNameConverter.o,AudioLib.a,false,
initDataTable__21AudSoundNameConverterFPC17JAUSoundNameTable,AudSoundNameConverter.o,AudioLib.a,false,
__ct__16AudSoundNameDataFv,AudSoundNameConverter.o,AudioLib.a,false,
addGroupInfo__21AudSoundNameConverterFPC17JAUSoundNameTableUcUc,AudSoundNameConverter.o,AudioLib.a,false,
addSectionInfo__21AudSoundNameConverterFPC17JAUSoundNameTableUc,AudSoundNameConverter.o,AudioLib.a,false,
getSoundNameTableNumItem_inSection__21AudSoundNameConverterFPC17JAUSoundNameTableUc,AudSoundNameConverter.o,AudioLib.a,false,
__ct__17AudSoundObjHolderFP7JKRHeapl,AudSoundObjHolder.o,AudioLib.a,false,
update__17AudSoundObjHolderFv,AudSoundObjHolder.o,AudioLib.a,false,
add__17AudSoundObjHolderFP14AudSoundObject,AudSoundObjHolder.o,AudioLib.a,false,
remove__17AudSoundObjHolderFP14AudSoundObject,AudSoundObjHolder.o,AudioLib.a,false,
moveOver__17AudSoundObjHolderFll,AudSoundObjHolder.o,AudioLib.a,false,
getResName__14AudSpeakerWrapFv,AudSpeakerWrap.o,AudioLib.a,false,
getRequiredHeapSize__14AudSpeakerWrapFv,AudSpeakerWrap.o,AudioLib.a,false,
start__14AudSpeakerWrapFll,AudSpeakerWrap.o,AudioLib.a,false,
isPlayable__14AudSpeakerWrapFl,AudSpeakerWrap.o,AudioLib.a,false,
__sinit_\AudSpeakerWrap_cpp,AudSpeakerWrap.o,AudioLib.a,false,
__ct__14SpkSoundHandleFv,AudSpeakerWrap.o,AudioLib.a,false,
__dt__14SpkSoundHandleFv,AudSpeakerWrap.o,AudioLib.a,false,
__arraydtor$51632,AudSpeakerWrap.o,AudioLib.a,false,
__arraydtor$51634,AudSpeakerWrap.o,AudioLib.a,false,
__ct__18AudTrackControllerFv,AudTrackController.o,AudioLib.a,false,
start__18AudTrackControllerFP14JAISoundHandle,AudTrackController.o,AudioLib.a,false,
stop__18AudTrackControllerFv,AudTrackController.o,AudioLib.a,false,
mute__18AudTrackControllerFv,AudTrackController.o,AudioLib.a,false,
unmute__18AudTrackControllerFv,AudTrackController.o,AudioLib.a,false,
setMuteState__18AudTrackControllerFUclb,AudTrackController.o,AudioLib.a,false,
update__18AudTrackControllerFv,AudTrackController.o,AudioLib.a,false,
muteIfVolumeZero__18AudTrackControllerFv,AudTrackController.o,AudioLib.a,false,
linerMax__7AudUtilFllf,AudUtil.o,AudioLib.a,false,
linerMinMax__7AudUtilFlllff,AudUtil.o,AudioLib.a,false,
isProperCurrentStageOrAudioDebugMode__7AudUtilFv,AudUtil.o,AudioLib.a,false,
noteOn__7JASBankFPC7JASBankiUcUcUsPFUlP10JASChannelPQ26JASDsp8TChannelPv_vPv,OverwriteJAudio.o,AudioLib.a,false,
channelStart__8JASTrackFPQ28JASTrack11TChannelMgrUlUlUl,OverwriteJAudio.o,AudioLib.a,false,
setFileName__10JASWaveArcFPCc,OverwriteJAudio.o,AudioLib.a,false,
load__10JASWaveArcFP7JASHeap,OverwriteJAudio.o,AudioLib.a,false,
__ct__12JASInstParamFv,OverwriteJAudio.o,AudioLib.a,false,
__sinit_\OverwriteJAudio_cpp,OverwriteJAudio.o,AudioLib.a,false,
__ct__38JASMemPool_MultiThreaded<10JASChannel>Fv,OverwriteJAudio.o,AudioLib.a,false,
__dt__38JASMemPool_MultiThreaded<10JASChannel>Fv,OverwriteJAudio.o,AudioLib.a,false,
__ct__20CSSoundNameConverterFv,CSSoundNameConverter.o,AudioLib.a,false,
getSoundID__20CSSoundNameConverterCFPCc,CSSoundNameConverter.o,AudioLib.a,false,
init__20CSSoundNameConverterFv,CSSoundNameConverter.o,AudioLib.a,false,
initDataTable__20CSSoundNameConverterFPC8SpkTable,CSSoundNameConverter.o,AudioLib.a,false,
makeDataTable__20CSSoundNameConverterFPC8SpkTable,CSSoundNameConverter.o,AudioLib.a,false,
